youtube_id,title,channel,duration,license,status,segment_start,segment_end,camera_angle,player_level,label,priority,notes
Lk_KTusbjDk,"The most important table tennis technique-forehand drive, Are you getting all the details right?",Table tennis teaching channel,7:46,standard,rough_pass,0:00,0:36,front,coach,error_high_centre_of_gravity,high,"Shadow strokes, table hides legs, subtitles at bottom edge"
Lk_KTusbjDk,"The most important table tennis technique-forehand drive, Are you getting all the details right?",Table tennis teaching channel,7:46,standard,rough_pass,0:36,1:43,front,coach,error_no_waist_rotation,high,"Error demo vs. correct - check which reps are which"
Lk_KTusbjDk,"The most important table tennis technique-forehand drive, Are you getting all the details right?",Table tennis teaching channel,7:46,standard,rough_pass,1:43,2:23,front,coach,correct,high,Correct pre-hit movement
Lk_KTusbjDk,"The most important table tennis technique-forehand drive, Are you getting all the details right?",Table tennis teaching channel,7:46,standard,rough_pass,2:23,4:00,front,coach,mixed,medium,"Elbow position; ~3:00 frame shows 'elbow to point downward' overlay - correct and incorrect mixed"
Lk_KTusbjDk,"The most important table tennis technique-forehand drive, Are you getting all the details right?",Table tennis teaching channel,7:46,standard,rough_pass,4:00,4:27,front,coach,correct,high,Chapter 'Correct drive action' - best segment of this video
Lk_KTusbjDk,"The most important table tennis technique-forehand drive, Are you getting all the details right?",Table tennis teaching channel,7:46,standard,rough_pass,4:27,5:35,front,coach,mixed,medium,Keep shoulder relaxed
Lk_KTusbjDk,"The most important table tennis technique-forehand drive, Are you getting all the details right?",Table tennis teaching channel,7:46,standard,rough_pass,5:35,7:46,,,exclude,exclude,"Grip close-ups (not usable for pose), penhold section, end screen"
GxAqmTLZLh0,Table Tennis Forehand Lesson: Master the Basics,PingSkills,3:51,standard,rough_pass,0:46,0:57,diagonal,coach,correct,low,"Very short shots, frequent cuts, legs often out of frame"
GxAqmTLZLh0,Table Tennis Forehand Lesson: Master the Basics,PingSkills,3:51,standard,rough_pass,1:24,1:31,diagonal,coach,correct,low,Short shot at table
GxAqmTLZLh0,Table Tennis Forehand Lesson: Master the Basics,PingSkills,3:51,standard,rough_pass,0:00,3:51,,,exclude,exclude,"Rest is mostly talking head / waist-up shots - little continuous stroke footage"
-d8B6U7jaK8,"Table Tennis Lesson - Forehand Drive, the only guide you will ever need",Road To Pro,6:57,standard,rough_pass,3:00,3:36,diagonal,coach,correct,high,"Full body, plain room - good for pose; 'key points' text overlay top-left"
-d8B6U7jaK8,"Table Tennis Lesson - Forehand Drive, the only guide you will ever need",Road To Pro,6:57,standard,rough_pass,4:05,4:10,diagonal,coach,error_unspecified,medium,Red cross overlay - likely an incorrect-technique demo; check what error
-d8B6U7jaK8,"Table Tennis Lesson - Forehand Drive, the only guide you will ever need",Road To Pro,6:57,standard,rough_pass,4:10,4:32,diagonal,coach,correct,high,"Full body, drives next to table - best segment of this video"
-d8B6U7jaK8,"Table Tennis Lesson - Forehand Drive, the only guide you will ever need",Road To Pro,6:57,standard,rough_pass,4:43,4:49,side,unknown,correct,medium,"Different player (red shirt) rallying, side view but small in frame"
-d8B6U7jaK8,"Table Tennis Lesson - Forehand Drive, the only guide you will ever need",Road To Pro,6:57,standard,rough_pass,4:54,5:11,diagonal,coach,correct,medium,Arrow overlay drawn on body
-d8B6U7jaK8,"Table Tennis Lesson - Forehand Drive, the only guide you will ever need",Road To Pro,6:57,standard,rough_pass,5:27,6:17,front,coach,exclude,exclude,"Weight-shifting drill, not a forehand drive"
P38tGd0sFy8,Sidespin Forehand Topspin | PingSkills,PingSkills,5:11,standard,rough_pass,0:00,5:11,diagonal,coach,exclude,exclude,"Sidespin topspin (not a plain drive); player far away, legs hidden by table"
